<?xml version="1.0" encoding="UTF-8"?><alertContent>
    <AlertDefinitions>
        <AlertDefinition adapterKind="VMWARE" description="Trigger an alert if the entropy rate (1/compression ratio) of a replicated VM is greater than or equal to 0.7." disableInBasePolicy="true" id="AlertDefinition-c92e13e1-ed6a-445f-ab90-1ba0969c6f27" name="RWR-Alert-Entropy-above0.7" resourceKind="VirtualMachine" subType="21" type="15">
            <State severity="critical">
                <SymptomSet applyOn="self" operator="and" ref="SymptomDefinition-e6e23fb8-c1e4-4aeb-b83b-c0a880f5b2ad"/>
                <Impact key="health" type="badge"/>
            </State>
        </AlertDefinition>
    </AlertDefinitions>
    <SymptomDefinitions>
        <SymptomDefinition adapterKind="VMWARE" disableInBasePolicy="true" id="SymptomDefinition-e6e23fb8-c1e4-4aeb-b83b-c0a880f5b2ad" name="Condition_e95e2d6f-a128-402a-a626-7c45a3b3894a" resourceKind="VirtualMachine" symptomDefType="condition_self">
            <State severity="critical">
                <Condition key="Super Metric|sm_ae4dfcf8-8cb2-4661-b6e2-fb3c6535b0e1" operator="&gt;=" thresholdType="static" type="metric" value="0.7" valueType="numeric"/>
            </State>
        </SymptomDefinition>
    </SymptomDefinitions>
</alertContent>
