<?xml version="1.0" encoding="UTF-8"?><alertContent>
    <AlertDefinitions>
        <AlertDefinition adapterKind="VMWARE" description="Trigger an alert if the entropy rate (1/compression ratio) of a replicated VM is greater than or equal to 0.7." disableInBasePolicy="true" id="AlertDefinition-c92e13e1-ed6a-445f-ab90-1ba0969c6f27" name="RWR-Alert-Entropy-above0.7" resourceKind="VirtualMachine" subType="18" type="15">
            <State severity="critical">
                <SymptomSet applyOn="self" operator="and" ref="SymptomDefinition-42ddfa9a-54a0-4c45-9fa0-652960c539c5"/>
                <Impact key="risk" type="badge"/>
            </State>
        </AlertDefinition>
    </AlertDefinitions>
    <SymptomDefinitions>
        <SymptomDefinition adapterKind="VMWARE" disableInBasePolicy="true" id="SymptomDefinition-42ddfa9a-54a0-4c45-9fa0-652960c539c5" name="Condition_1db5d903-9f17-423a-bfd4-2f36a75fafba" resourceKind="VirtualMachine" symptomDefType="condition_self">
            <State severity="critical">
                <Condition key="Super Metric|sm_cf2eddb0-506b-48ee-b087-015b2a754edd" operator="&gt;=" thresholdType="static" type="metric" value="0.7" valueType="numeric"/>
            </State>
        </SymptomDefinition>
    </SymptomDefinitions>
</alertContent>
